,Film,Year,IMDB,Metascore,IMDB votes
0,Звёздные войны: Пробуждение Силы,2015,7.9,81        ,824557
1,Безумный Макс: Дорога ярости,2015,8.1,90        ,816946
2,Марсианин,2015,8.0,80        ,711822
3,Мстители: Эра Альтрона,2015,7.3,66        ,697839
4,Выживший,2015,8.0,76        ,654715
5,Головоломка,2015,8.2,94        ,565070
6,Человек-муравей,2015,7.3,64        ,531587
7,Омерзительная восьмерка,2015,7.8,68        ,473445
8,В центре внимания,2015,8.1,93        ,385188
9,Убийца,2015,7.6,82        ,344371
10,Форсаж 7,2015,7.2,67        ,344273
11,Комната,2015,8.1,86        ,335827
12,Игра на понижение,2015,7.8,81        ,327889
13,Миссия невыполнима: Племя изгоев,2015,7.4,75        ,323664
14,Шпионский мост,2015,7.6,81        ,271779
15,Голодные игры: Сойка-пересмешница. Часть II,2015,6.5,65        ,264828
16,Крид: Наследие Рокки,2015,7.6,82        ,234256
17,Шпион,2015,7.0,75        ,219828
18,Лобстер,2015,7.2,82        ,195861
19,Эверест,2015,7.1,64        ,186826
20,Ведьма,2015,6.9,83        ,173274
21,Голос улиц,2015,7.9,72        ,170334
22,Чёрная месса,2015,6.9,68        ,160258
23,Девушка из Дании,2015,7.1,66        ,153185
24,Золушка,2015,6.9,67        ,149933
25,Стив Джобс,2015,7.2,82        ,143932
26,Идеальный голос 2,2015,6.4,63        ,135258
27,Подарок,2015,7.0,77        ,128359
28,Девушка без комплексов,2015,6.2,75        ,124741
29,Багровый пик,2015,6.5,66        ,122906
30,Бруклин,2015,7.5,88        ,122131
31,"Я, Эрл и умирающая девушка",2015,7.7,74        ,116546
32,Прогулка,2015,7.3,70        ,113409
33,Кэрол,2015,7.2,95        ,106174
34,Зелёная комната,2015,7.0,79        ,97149
35,Хороший динозавр,2015,6.7,66        ,95115
36,Приглашение,2015,6.6,74        ,78457
37,Наркотик,2015,7.2,72        ,78105
38,Костяной томагавк,2015,7.1,72        ,76917
39,Всевидящее око,2015,7.3,73        ,74698
40,Безродные звери,2015,7.7,79        ,67332
41,Молодость,2015,7.3,64        ,67007
42,Аномализа,2015,7.3,88        ,60828
43,Мистер Холмс,2015,6.9,67        ,59427
44,Маленький принц,2015,7.7,70        ,52381
45,Макбет,2015,6.6,71        ,50495
46,Виктория,2015,7.7,77        ,47199
47,Будь мужчиной,2015,6.8,69        ,46206
48,Губка Боб в 3D,2015,6.0,62        ,45639
49,Эми,2015,7.8,85        ,45545
50,Вдали от безумной толпы,2015,7.1,71        ,42467
51,Вторая жизнь Уве,2015,7.7,70        ,42039
52,Сын Саула,2015,7.5,91        ,41270
53,Снупи и мелочь пузатая в кино,2015,7.1,67        ,40308
54,Строго на Запад,2015,6.9,72        ,39858
55,Любовь без обязательств,2015,6.5,64        ,37595
56,Суфражистка,2015,6.9,67        ,35627
57,Начистоту: Саентология и тюрьма убеждений,2015,8.0,80        ,35267
58,Высотка,2015,5.6,65        ,35223
59,Барашек Шон,2015,7.3,81        ,34588
60,Тюремный эксперимент в Стэнфорде,2015,6.9,67        ,34091
61,Мустанг,2015,7.6,83        ,32466
62,Моя земля,2015,7.8,75        ,30659
63,Волна,2015,6.7,68        ,30210
64,45 лет,2015,7.1,94        ,28966
65,Полицейская тачка,2015,6.3,66        ,28585
66,Дневник девочки-подростка,2015,6.9,87        ,27966
67,Новейший завет,2015,7.1,70        ,27187
68,Конец тура,2015,7.3,82        ,26961
69,Кобейн: Чёртов монтаж,2015,7.5,83        ,26774
70,Z - значит Захария,2015,6.0,68        ,26434
71,Страшные сказки,2015,6.4,72        ,24955
72,Большой всплеск,2015,6.4,74        ,24729
73,Мандарин,2015,7.1,85        ,24476
74,Леди в фургоне,2015,6.7,70        ,24192
75,Госпожа Америка,2015,6.7,75        ,23523
76,Куда бы еще вторгнуться,2015,7.5,64        ,22305
77,Объятия змея,2015,7.9,82        ,18595
78,Прогулка по Миссисипи,2015,6.4,77        ,18327
79,Ученик чудовища,2015,7.7,65        ,18112
80,"Здравствуйте, меня зовут Дорис",2015,6.6,63        ,17937
81,Правда,2015,6.8,66        ,17572
82,Земля картелей,2015,7.4,76        ,17142
83,Экспериментатор,2015,6.6,81        ,16599
84,Мы всё ещё здесь,2015,5.7,65        ,16143
85,Он никогда не умирал,2015,6.4,72        ,15966
86,Февраль,2015,5.9,68        ,15664
87,Дары смерти,2015,6.4,72        ,15393
88,Ночевка,2015,6.1,65        ,15220
89,Специалист по выживанию,2015,6.4,80        ,14929
90,План Мэгги,2015,6.2,76        ,14886
91,Смертельный оргазм,2015,6.3,65        ,14664
92,Убийца,2015,6.3,80        ,14626
93,Из тьмы,2015,5.7,65        ,14384
94,Бабушка,2015,6.7,77        ,14014
95,Meru,2015,7.7,77        ,13485
96,Дипан,2015,7.2,76        ,12938
97,Эмили,2015,5.4,62        ,12533
98,Такси,2015,7.3,91        ,12468
99,Вторая мать,2015,7.8,82        ,11595
100,Зима в огне,2015,8.4,79        ,11502
101,Волчья стая,2015,7.0,75        ,11363
102,My Scientology Movie,2015,6.7,62        ,11308
103,Клан,2015,7.0,73        ,11279
104,"Громче, чем бомбы",2015,6.6,70        ,11164
105,Назойливая,2015,6.3,68        ,11140
106,Город монстров,2015,5.5,64        ,10945
107,"Что случилось, мисс Симон?",2015,7.6,75        ,10758
108,Трумэн,2015,7.3,81        ,10688
109,Дневник Умимати,2015,7.5,75        ,10634
110,Мой король,2015,7.1,68        ,9820
111,Мужчины и куры,2015,6.7,64        ,9553
112,Война,2015,7.1,81        ,8996
113,Убить трубача,2015,6.4,64        ,8789
114,Клуб,2015,7.2,73        ,8720
115,Чирак,2015,5.7,77        ,8418
116,The Ones Below,2015,6.1,63        ,8414
117,"Люди, места, вещи",2015,6.9,68        ,7691
118,Рождённый для грусти,2015,6.9,64        ,7438
119,Разные миры,2015,7.4,61        ,7371
120,Семейка Фэнг,2015,6.1,67        ,7312
121,Гонка на вымирание,2015,8.3,81        ,7152
122,Монстр в шкафу,2015,7.0,81        ,6924
123,"Послушай меня, Марлон",2015,8.2,87        ,6587
124,Я увижу тебя в своих снах,2015,6.7,75        ,6564
125,Криша,2015,7.2,86        ,6531
126,Моя мама,2015,6.8,70        ,6410
127,Ночной кошмар,2015,5.8,68        ,6214
128,Результаты,2015,5.4,73        ,6043
129,Браво!,2015,7.6,84        ,5981
130,Аврил и поддельный мир,2015,7.3,85        ,5951
131,Зона охоты,2015,7.4,77        ,5718
132,Эволюция,2015,5.9,77        ,5695
133,Лучшие враги,2015,7.6,77        ,5659
134,Дочери танца,2015,6.3,72        ,5623
135,S.P.L. Звезды судьбы 2,2015,6.7,73        ,5591
136,Стив Джобс: Человек в машине,2015,6.9,72        ,5548
137,Джеймс Уайт,2015,7.1,83        ,5530
138,Королева Земли,2015,6.3,77        ,5369
139,Закон рынка,2015,6.8,74        ,5323
140,Убийство,2015,7.3,64        ,5271
141,В поисках огня,2015,5.8,69        ,5264
142,Телохранитель,2015,6.2,66        ,5260
143,Хичкок/Трюффо,2015,7.4,79        ,5241
144,Детство лидера,2015,6.1,68        ,5229
145,Манифесто,2015,6.6,72        ,5187
146,Десять тысяч святых,2015,5.9,62        ,5056
147,Дженис: Маленькая девочка грустит,2015,7.4,74        ,4712
148,Маргарита,2015,7.0,76        ,4680
149,Демон,2015,6.1,80        ,4616
150,И горы сдвигаются с места,2015,6.8,79        ,4615
151,Принимаемые за близняшек,2015,7.6,81        ,4571
152,Де Пальма,2015,7.4,83        ,4390
153,Parched,2015,7.5,67        ,4355
154,Он назвал меня Малала,2015,6.9,61        ,4323
155,Нина навсегда,2015,5.6,75        ,4216
156,The Fits,2015,6.7,90        ,4192
157,Дочь,2015,6.6,62        ,4183
158,V luchakh solntsa,2015,7.4,81        ,4063
159,Государство против Фрица Бауэра,2015,7.1,61        ,3990
160,Девушка в книге,2015,6.1,68        ,3846
161,Танна,2015,6.9,75        ,3813
162,Шевалье,2015,6.3,76        ,3759
163,Свидетель,2015,7.0,79        ,3753
164,Black,2015,7.1,74        ,3705
165,Welcome to Leith,2015,7.0,78        ,3677
166,Убойный огонёк,2015,6.0,74        ,3582
167,Луговая страна,2015,5.8,67        ,3554
168,Королевство обезьян,2015,7.3,72        ,3519
169,Якудза-апокалипсис: Великая война в преступном мире,2015,5.5,62        ,3497
170,Дни Искушения,2015,5.6,67        ,3390
171,Наше лето,2015,6.7,72        ,3350
172,Дарвин - конечная остановка,2015,7.2,70        ,3204
173,Издалека,2015,6.6,73        ,3155
174,"Прямо сейчас, а не после",2015,7.2,81        ,3124
175,Песнь заката,2015,6.4,72        ,3093
176,Три воспоминания моей юности,2015,6.8,87        ,2973
177,Завтра,2015,8.1,71        ,2952
178,Незапланированная беременность,2015,5.7,65        ,2935
179,Ничто не вечно: Взлет и падение Tower Records,2015,7.3,73        ,2839
180,Запретная комната,2015,6.1,83        ,2772
181,Хроник,2015,6.6,69        ,2714
182,Король Джек,2015,7.0,72        ,2707
183,Мисс Хокусай,2015,6.7,74        ,2579
184,Кит Ричардс: Под влиянием,2015,7.2,62        ,2565
185,Развлечения,2015,5.6,65        ,2561
186,Кайлийская меланхолия,2015,7.3,85        ,2492
187,Неоновый вол,2015,6.8,80        ,2468
188,Вулкан Ишканул,2015,7.1,83        ,2460
189,Сокровище,2015,6.7,85        ,2446
190,Sangailes vasara,2015,6.4,63        ,2421
191,Франкофония,2015,6.6,71        ,2397
192,Шерпа,2015,7.7,93        ,2395
193,Девушка пробуждается,2015,6.2,67        ,2362
194,Далеко на Север,2015,7.3,70        ,2319
195,Микроб и Бензин,2015,6.7,75        ,2244
196,Finders Keepers,2015,6.8,80        ,2215
197,Противный ребёнок,2015,5.6,64        ,2141
198,Ночные совы,2015,6.2,73        ,2111
199,Перламутровая пуговица,2015,7.6,80        ,2104
200,Прикосновение огнём,2015,6.2,62        ,2068
201,"Пьяный, обкуренный, превосходный, мёртвый: История журнала National Lampoon",2015,7.2,74        ,1994
202,Учитель,2015,7.0,72        ,1950
203,Собачье сердце,2015,7.1,84        ,1941
204,Тысяча и одна ночь: Часть 1. Беспокойный,2015,7.0,80        ,1916
205,Называй меня Счастливчиком,2015,7.6,64        ,1887
206,Дочь Индии,2015,8.2,72        ,1879
207,Ковбои,2015,6.7,67        ,1856
208,Ингрид Бергман: В её собственных словах,2015,7.3,75        ,1811
209,Искатели,2015,6.9,70        ,1803
210,Лондонская дорога,2015,5.2,71        ,1783
211,Ягнёнок,2015,6.3,62        ,1755
212,"Психонавты, забытые дети",2015,7.3,76        ,1718
213,Отведи меня к реке,2015,6.2,65        ,1688
214,"3½ Minutes, Ten Bullets",2015,7.2,76        ,1641
215,The Black Panthers: Vanguard of the Revolution,2015,7.3,79        ,1597
216,Batkid Begins,2015,6.8,63        ,1554
217,Земля и тень,2015,7.1,74        ,1536
218,Вива,2015,7.3,69        ,1535
219,Спящий гигант,2015,6.6,71        ,1527
220,Космос,2015,5.8,72        ,1478
221,Времена года,2015,7.3,67        ,1382
222,Паулина,2015,6.6,70        ,1355
223,Жертва пастыря,2015,7.3,77        ,1345
224,Джунун,2015,7.4,78        ,1341
225,Unbranded,2015,7.4,64        ,1299
226,Средиземноморье,2015,6.5,77        ,1289
227,Фатима,2015,6.4,69        ,1285
228,Слабоумие,2015,5.1,64        ,1262
229,Тысяча и одна ночь: Часть 2. Опустошенный,2015,7.1,81        ,1252
230,Мальчик-призрак,2015,6.6,66        ,1246
231,В тени женщин,2015,6.5,74        ,1243
232,The Russian Woodpecker,2015,6.9,74        ,1229
233,Принц,2015,6.5,65        ,1228
234,Элстри 1976,2015,5.9,66        ,1226
235,Стив МакКуин. Человек и гонщик,2015,6.8,64        ,1182
236,Едва я открою глаза,2015,6.8,74        ,1129
237,Производители солнечного света,2015,7.0,68        ,1125
238,Принимаем только наличные,2015,6.1,71        ,1104
239,Дэдпул,2016,8.0,65        ,856088
240,Первый мститель: Противостояние,2016,7.8,75        ,618519
241,Доктор Стрэндж,2016,7.5,72        ,551779
242,Прибытие,2016,7.9,81        ,546613
243,Изгой-один. Звёздные войны: Истории,2016,7.8,65        ,516948
244,Ла-Ла Ленд,2016,8.0,93        ,462230
245,Зверополис,2016,8.0,78        ,402726
246,По соображениям совести,2016,8.1,71        ,392242
247,Сплит,2016,7.3,62        ,389038
248,Фантастические твари и где они обитают,2016,7.3,66        ,383552
249,"Кловерфилд, 10",2016,7.2,76        ,272534
250,Славные парни,2016,7.4,70        ,254136
251,Книга джунглей,2016,7.4,77        ,248324
252,Лунный свет,2016,7.4,99        ,244872
253,Моана,2016,7.6,81        ,242158
254,Манчестер у моря,2016,7.8,96        ,226163
255,В поисках Дори,2016,7.3,77        ,223820
256,Под покровом ночи,2016,7.5,67        ,217649
257,Стартрек: Бесконечность,2016,7.1,68        ,216762
258,Чудо на Гудзоне,2016,7.4,74        ,216238
259,Заклятие 2,2016,7.3,65        ,208080
260,Не дыши,2016,7.1,71        ,199932
261,Лев,2016,8.0,69        ,192402
262,Любой ценой,2016,7.6,88        ,186357
263,Скрытые фигуры,2016,7.8,74        ,181093
264,Тайная жизнь домашних животных,2016,6.5,61        ,172785
265,Капитан Фантастик,2016,7.9,72        ,169770
266,Полный расколбас,2016,6.1,66        ,165538
267,Твое имя,2016,8.4,79        ,155708
268,Глубоководный горизонт,2016,7.1,68        ,139761
269,Кунг-фу Панда 3,2016,7.1,66        ,123378
270,Поезд в Пусан,2016,7.5,72        ,122702
271,Да здравствует Цезарь!,2016,6.3,72        ,115763
272,Кубо. Легенда о самурае,2016,7.8,84        ,110542
273,Основатель,2016,7.2,66        ,106544
274,Человек - швейцарский нож,2016,7.0,64        ,97183
275,Охота на дикарей,2016,7.9,81        ,94779
276,Почти семнадцать,2016,7.3,77        ,93912
277,Молчание,2016,7.2,79        ,91428
278,Ограды,2016,7.2,79        ,91123
279,Служанка,2016,8.1,84        ,90433
280,Тишина,2016,6.6,67        ,88172
281,Демон внутри,2016,6.8,65        ,85155
282,День патриота,2016,7.4,69        ,80641
283,Синг Стрит,2016,8.0,79        ,78745
284,Голос монстра,2016,7.5,76        ,74893
285,Большой и добрый великан,2016,6.4,66        ,72481
286,Затерянный город Z,2016,6.6,78        ,71078
287,Специальный полуночный выпуск,2016,6.6,76        ,70293
288,Джеки,2016,6.7,81        ,68771
289,Светская жизнь,2016,6.6,64        ,65729
290,Афера под прикрытием,2016,7.0,66        ,63908
291,Патерсон,2016,7.4,90        ,60932
292,Опасная игра Слоун,2016,7.5,64        ,57311
293,Она,2016,7.1,89        ,57103
294,Кровный отец,2016,6.4,66        ,54619
295,Моя девушка - монстр,2016,6.2,70        ,54459
296,Сырое,2016,7.0,81        ,53727
297,Пит и его дракон,2016,6.7,71        ,51155
298,Уиджи. Проклятие доски дьявола,2016,6.1,65        ,49897
299,"Поп-звезда: Не переставай, не останавливайся",2016,6.7,68        ,49728
300,Новая эра Z,2016,6.6,67        ,49507
301,Каждому свое,2016,6.9,83        ,49274
302,Примадонна,2016,6.8,71        ,47414
303,"Я, Дэниел Блэйк",2016,7.9,78        ,47268
304,Коммивояжер,2016,7.8,85        ,44709
305,Киану,2016,6.3,63        ,43309
306,Тони Эрдманн,2016,7.4,93        ,40366
307,Вопль,2016,7.4,81        ,40074
308,Абсолютная власть,2016,6.5,68        ,38898
309,Перестрелка,2016,6.4,63        ,38319
310,Сомния,2016,6.2,68        ,35396
311,Женщины ХХ века,2016,7.3,83        ,35177
312,Американская милашка,2016,7.0,79        ,34108
313,Персональный покупатель,2016,6.1,77        ,33293
314,Форма голоса,2016,8.2,78        ,32976
315,Лавинг,2016,7.0,79        ,29340
316,Красная черепаха,2016,7.5,86        ,27451
317,Пустота,2016,5.8,62        ,27279
318,Джульетта,2016,7.1,73        ,26389
319,Смотри по сторонам,2016,6.5,67        ,25861
320,Спасти планету,2016,8.3,63        ,24790
321,Пазманский дьявол,2016,6.8,62        ,23115
322,Плохая партия,2016,5.3,62        ,23050
323,Любовь и дружба,2016,6.4,87        ,21891
324,Тринадцатый,2016,8.2,88        ,21172
325,В тени,2016,6.9,84        ,20619
326,Годзилла,2016,6.7,67        ,19975
327,Рождение нации,2016,6.4,69        ,18992
328,Жизнь кабачка,2016,7.8,85        ,18593
329,Аманда Нокс,2016,6.9,78        ,18569
330,Отрицание,2016,6.7,63        ,17712
331,Леди Макбет,2016,6.8,76        ,16746
332,Водолей,2016,7.5,88        ,16351
333,Голем,2016,6.3,63        ,16348
334,Их звёздные полтора часа,2016,6.8,76        ,16148
335,Таллула,2016,6.7,63        ,15908
336,Не думай дважды,2016,6.7,83        ,15902
337,Я вам не негр,2016,7.8,95        ,14874
338,Щекотка,2016,7.6,76        ,14822
339,Монстры существуют,2016,5.4,69        ,14347
340,Во всем виноват енот,2016,6.3,62        ,14162
341,В долине насилия,2016,6.0,64        ,14149
342,Королева Катве,2016,7.4,73        ,13905
343,Парикмахерская 3,2016,5.9,67        ,13692
344,Соединённое королевство,2016,6.8,65        ,12920
345,Моди,2016,7.6,65        ,12825
346,Песнь тьмы,2016,6.1,71        ,12444
347,Кристин,2016,6.9,72        ,12093
348,Город кошек,2016,7.7,78        ,11733
349,Кафе 'Голубая сойка',2016,7.3,69        ,11649
350,Франц,2016,7.5,73        ,11561
351,Рейд: Пуля в голове,2016,6.3,61        ,11463
352,"О, интернет! Грезы цифрового мира",2016,7.0,76        ,11297
353,"Я прелесть, живущая в доме",2016,4.5,68        ,11044
354,Выпускной,2016,7.3,84        ,11033
355,Возмущение,2016,6.7,78        ,10898
356,Несколько женщин,2016,6.3,82        ,10873
357,Ведьма любви,2016,6.2,82        ,10776
358,Будущее,2016,7.0,88        ,10589
359,Глаза моей матери,2016,6.2,63        ,10377
360,Битлз: Восемь дней в неделю,2016,7.8,72        ,10289
361,Майндхорн,2016,6.3,70        ,9747
362,Винер,2016,7.6,84        ,9285
363,Supersonic,2016,7.9,71        ,9106
364,Гончие любви,2016,6.5,73        ,9036
365,Такса,2016,5.9,66        ,8740
366,Непорочные,2016,7.3,78        ,8494
367,Уна,2016,6.2,62        ,8471
368,Неруда,2016,6.9,82        ,8467
369,Белая девушка,2016,5.7,65        ,8335
370,Другие люди,2016,6.8,67        ,8283
371,Уязвимость нулевых дней,2016,7.8,77        ,8273
372,После бури,2016,7.4,84        ,7968
373,Русалка,2016,6.2,69        ,7708
374,Как чокнутые,2016,7.2,74        ,7653
375,Саутсайд с тобой,2016,6.4,74        ,7507
376,Божественные,2016,7.4,71        ,7477
377,Ловкость,2016,5.9,62        ,7379
378,Секретный агент,2016,7.1,78        ,7228
379,Goat,2016,5.7,64        ,7055
380,Во всех уголках мира,2016,7.8,73        ,7039
381,Башня,2016,8.0,92        ,6843
382,Дом игрушек Пи-ви,2016,6.1,63        ,6671
383,Плохое сердце Бастера,2016,6.1,63        ,6633
384,Неизвестная,2016,6.5,65        ,6582
385,Маленькие мужчины,2016,6.7,86        ,6426
386,Выбор короля,2016,7.1,64        ,6405
387,Операция Лавина,2016,6.1,69        ,6269
388,В самое пекло,2016,7.2,76        ,6156
389,Тоннель,2016,6.9,68        ,5992
390,Преместь,2016,5.9,71        ,5963
391,Подтверждение,2016,6.4,65        ,5763
392,Барри,2016,5.8,72        ,5729
393,Стратегия Оппенгеймера,2016,6.1,75        ,5347
394,Саамская кровь,2016,7.3,79        ,5320
395,Анимированная жизнь,2016,7.5,75        ,5291
396,Море в огне,2016,6.8,87        ,5079
397,Реальный Рокки,2016,6.5,68        ,5061
398,Когда тебе семнадцать,2016,7.1,83        ,4988
399,Одри и Дейзи,2016,7.2,73        ,4904
400,Тихая страсть,2016,6.4,77        ,4842
401,Моррис из Америки,2016,6.2,75        ,4820
402,Женская драка,2016,5.8,66        ,4682
403,Дэвид Линч: Жизнь в искусстве,2016,7.2,75        ,4538
404,Противостояние,2016,7.5,78        ,4444
405,Gimme Danger. История Игги и The Stooges,2016,7.2,72        ,4412
406,Мисс Стивенс,2016,6.6,65        ,4398
407,Святой ад,2016,7.1,64        ,4382
408,Бесконечная поэзия,2016,7.6,78        ,4332
409,Ученик,2016,6.9,76        ,4247
410,Ставка на ноль,2016,7.2,72        ,4207
411,Дикая местность,2016,6.1,72        ,4015
412,Ещё раз с чувством,2016,8.3,92        ,4010
413,Каменное сердце,2016,7.4,70        ,3987
414,Кроссы,2016,6.4,69        ,3913
415,Сьераневада,2016,7.4,82        ,3900
416,По ту сторону океана,2016,7.1,72        ,3878
417,В тихом омуте,2016,6.0,66        ,3870
418,Голдстоун,2016,6.4,78        ,3862
419,Бельгия,2016,6.7,63        ,3849
420,Бродяги,2016,6.5,76        ,3800
421,Путешествие времени,2016,6.4,68        ,3789
422,Париж - это праздник,2016,6.5,71        ,3761
423,Самый счастливый день в жизни Олли Мяки,2016,7.2,83        ,3733
424,Жестокие мечты,2016,6.3,64        ,3719
425,Всегда сияй,2016,5.6,72        ,3665
426,Искусство заключать сделки,2016,5.9,75        ,3619
427,Песня о любви,2016,6.3,74        ,3603
428,Жуткий,2016,6.3,76        ,3547
429,Джоши,2016,5.8,62        ,3511
430,Партитура: Документальный фильм о музыке,2016,7.5,67        ,3510
431,Ради Спока,2016,7.6,74        ,3428
432,Младшая сестра,2016,6.3,74        ,3324
433,Чувство справедливости,2016,5.5,68        ,3276
434,Охотница с орлом,2016,7.5,72        ,3223
435,Трансфигурация,2016,6.0,65        ,3157
436,Пас,2016,6.5,66        ,3073
437,Две звезды. Кэрри Фишер и Дебби Рейнольдс,2016,8.0,78        ,3013
438,"Чистое сердце, или Киллеры на колёсах",2016,7.1,65        ,3006
439,Последняя семья,2016,7.5,69        ,2981
440,Шелли,2016,5.2,62        ,2905
441,Я - Болт,2016,7.1,64        ,2845
442,Первая девушка которую я полюбила,2016,6.1,61        ,2709
443,Американская сторона,2016,5.7,65        ,2627
444,Орнитолог,2016,6.3,85        ,2620
445,Песчаная буря,2016,6.8,74        ,2567
446,Ласточки и амазонки,2016,6.1,65        ,2546
447,Игра цвета слоновой кости,2016,7.9,73        ,2540
448,Абакус,2016,7.2,73        ,2513
449,Этель и Эрнест,2016,7.8,72        ,2508
450,Чудеса в Париже,2016,6.2,74        ,2475
451,Лечить живых,2016,6.9,82        ,2421
452,Танцовщик,2016,7.9,65        ,2409
453,Учительница,2016,7.3,77        ,2382
454,Глисон,2016,8.4,80        ,2306
455,Послеобразы,2016,7.0,75        ,2269
456,Транс-Пекос,2016,5.7,73        ,2259
457,Наводнение,2016,6.4,81        ,2252
458,Между,2016,7.3,78        ,2208
459,Тео и Юго в одной лодке,2016,6.9,74        ,2143
460,Cameraperson,2016,7.4,86        ,2054
461,Феномен,2016,5.2,66        ,2022
462,Асура: Безумный город,2016,6.6,64        ,1967
463,У нас есть мясо,2016,4.7,62        ,1935
464,Стоять ровно,2016,6.1,65        ,1921
465,Риск,2016,6.3,72        ,1885
466,Стефан Цвейг,2016,6.8,75        ,1879
467,Я не мадам Бовари,2016,6.9,65        ,1867
468,Как есть,2016,6.6,67        ,1859
469,Записки о слепоте,2016,7.1,75        ,1783
470,Семейный бюджет,2016,6.5,66        ,1781
471,Слава,2016,7.6,83        ,1763
472,Фисгармония,2016,6.9,84        ,1733
473,Silicon Cowboys,2016,6.8,75        ,1712
474,Justin Timberlake + the Tennessee Kids,2016,7.9,81        ,1710
475,Смерть Людовика XIV,2016,6.8,76        ,1676
476,Три фрика,2016,6.2,67        ,1642
477,Влюбленные и медведь,2016,6.1,61        ,1617
478,Трое,2016,5.9,71        ,1604
479,Ньютаун,2016,6.8,87        ,1575
480,Отель 'Спасение',2016,7.1,80        ,1540
481,Щекоча гигантов,2016,8.3,78        ,1467
482,Полина,2016,6.7,65        ,1444
483,Fastball,2016,7.4,74        ,1440
484,Крысы,2016,6.5,62        ,1393
485,Ученик мастера,2016,6.5,77        ,1359
486,Доусон сити: Замерзшее время,2016,7.5,86        ,1342
487,Джим: История Джеймса Фоули,2016,7.7,73        ,1330
488,Все бессонные ночи,2016,6.7,70        ,1321
489,Я называла его Морган,2016,7.3,90        ,1256
490,Не называй меня сыном,2016,6.8,77        ,1196
491,Мэпплторп: Только полюбуйтесь,2016,7.5,75        ,1161
492,План свадьбы,2016,6.5,72        ,1107
493,"Женщина, которая ушла",2016,7.3,83        ,1088
494,Без вопросов: Фрэнк Заппа о себе,2016,7.5,74        ,1078
495,Дональд плакал,2016,6.5,72        ,1059
496,Логан,2017,8.1,77        ,597306
497,Тор: Рагнарёк,2017,7.9,74        ,530636
498,Звёздные войны: Последние джедаи,2017,7.0,85        ,522205
499,Стражи Галактики. Часть 2,2017,7.6,67        ,521778
500,Чудо-женщина,2017,7.4,76        ,514855
501,Дюнкерк,2017,7.9,94        ,498042
502,Человек-паук: Возвращение домой,2017,7.4,73        ,469533
503,Прочь,2017,7.7,84        ,441016
504,Оно,2017,7.3,69        ,418942
505,Бегущий по лезвию 2049,2017,8.0,81        ,410886
506,Малыш на драйве,2017,7.6,86        ,395216
507,"Три билборда на границе Эббинга, Миссури",2017,8.2,88        ,379138
508,Форма воды,2017,7.3,87        ,335658
509,Джон Уик 2,2017,7.5,75        ,329921
510,Тайна Коко,2017,8.4,81        ,317877
511,Красавица и чудовище,2017,7.1,65        ,252856
512,Конг: Остров черепа,2017,6.6,62        ,251846
513,Чужой: Завет,2017,6.4,65        ,238160
514,Планета обезьян: Война,2017,7.4,82        ,212564
515,Леди Бёрд,2017,7.4,94        ,199051
516,Ветреная река,2017,7.7,73        ,183110
517,Назови меня своим именем,2017,7.9,93        ,174812
518,Мама!,2017,6.6,75        ,172465
519,Взрывная блондинка,2017,6.7,63        ,161821
520,Тоня против всех,2017,7.5,77        ,157910
521,Темные времена,2017,7.4,75        ,151076
522,Сделано в Америке,2017,7.1,65        ,144274
523,Лего Фильм: Бэтмен,2017,7.3,75        ,123164
524,Чудо,2017,8.0,66        ,122586
525,Горе-творец,2017,7.4,76        ,122560
526,Секретное досье,2017,7.2,83        ,118794
527,Большая игра,2017,7.4,71        ,117175
528,Удача Логана,2017,7.0,78        ,114451
529,Любовь - болезнь,2017,7.6,86        ,110639
530,Т2 Трейнспоттинг (На игле 2),2017,7.2,67        ,103494
531,Проклятие Аннабель: Зарождение зла,2017,6.5,62        ,101949
532,Убийство священного оленя,2017,7.0,73        ,101463
533,Призрачная нить,2017,7.5,90        ,95479
534,Короче,2017,5.7,63        ,88413
535,Тебя никогда здесь не было,2017,6.8,84        ,86419
536,Окча,2017,7.3,75        ,82315
537,Проект 'Флорида',2017,7.6,92        ,79690
538,Игра Джеральда,2017,6.6,77        ,75467
539,Оно приходит ночью,2017,6.2,78        ,75138
540,Смерть Сталина,2017,7.2,88        ,71994
541,Все деньги мира,2017,6.8,72        ,66213
542,Хорошее время,2017,7.3,80        ,63219
543,Недруги,2017,7.2,65        ,60333
544,Приключения Паддингтона 2,2017,7.8,88        ,53126
545,Драка в блоке 99,2017,7.1,79        ,51873
546,История призрака,2017,6.8,84        ,51566
547,Дело храбрых,2017,7.7,72        ,50823
548,Квадрат,2017,7.2,73        ,48113
549,Роковое искушение,2017,6.3,77        ,46635
550,Битва полов,2017,6.7,73        ,46048
551,"Ван Гог. С любовью, Винсент",2017,7.8,62        ,44160
552,1922,2017,6.3,70        ,43407
553,Детройт,2017,7.3,77        ,43407
554,В этом мире я больше не чувствую себя как дома,2017,6.9,75        ,41937
555,Дневник пастыря,2017,7.1,85        ,39715
556,Ферма Мадбаунд,2017,7.4,85        ,36813
557,Сильнее,2017,6.9,76        ,36486
558,До костей,2017,6.8,64        ,35669
559,Истории семьи Майровиц,2017,6.9,79        ,34954
560,Икар,2017,7.9,68        ,32550
561,Улётные девочки,2017,6.2,71        ,31667
562,Выжившая,2017,6.3,81        ,30743
563,Бремя,2017,6.3,65        ,30626
564,Ингрид едет на Запад,2017,6.6,71        ,30508
565,Жена,2017,7.2,77        ,30071
566,Чистокровные,2017,6.7,75        ,28753
567,Истории призраков,2017,6.4,68        ,26911
568,Паранормальное,2017,6.5,80        ,26182
569,Нелюбовь,2017,7.6,86        ,25763
570,Я сражаюсь с великанами,2017,6.2,74        ,25399
571,На пределе,2017,7.1,65        ,25150
572,Борг/Макинрой,2017,6.9,63        ,23762
573,Капитан Подштанник: Первый эпический фильм,2017,6.2,69        ,23360
574,Тельма,2017,7.0,74        ,22938
575,Неповиновение,2017,6.6,74        ,21071
576,О теле и душе,2017,7.6,77        ,20711
577,Джим и Энди: Другой мир,2017,7.7,77        ,20636
578,Последний взмах флага,2017,6.9,65        ,20496
579,Божья земля,2017,7.7,85        ,20374
580,Профессор Марстон и его Чудо-женщины,2017,7.1,68        ,20254
581,Меган Ливи,2017,7.1,66        ,20146
582,Берлинский синдром,2017,6.3,70        ,19944
583,Фантастическая женщина,2017,7.2,86        ,19934
584,Обитель теней,2017,6.6,63        ,19013
585,Культ Чаки,2017,5.2,69        ,18826
586,Малые часы,2017,5.8,69        ,17349
587,Бои без правил,2017,6.9,76        ,17129
588,Счастливчик,2017,7.3,80        ,16513
589,Добытчица,2017,7.7,78        ,16410
590,Моя кузина Рэйчел,2017,6.0,63        ,16334
591,Маршалл,2017,7.2,66        ,16229
592,Очень тёмные времена,2017,6.6,75        ,15673
593,Водила,2017,6.4,66        ,15391
594,Ублюдок 2,2017,6.4,75        ,15259
595,12-й человек,2017,7.4,70        ,15180
596,Вечеринка,2017,6.6,73        ,15077
597,Статус Брэда,2017,6.5,71        ,14523
598,Медведь Бригсби,2017,7.3,68        ,14423
599,Мой друг Дамер,2017,6.2,68        ,13620
600,Эксперимент 'Офис' 2,2017,6.3,62        ,13519
601,Клинок бессмертного,2017,6.8,72        ,13215
602,Оскорбление,2017,7.7,72        ,12476
603,Сначала они убили моего отца,2017,7.2,72        ,12197
604,Колумбус,2017,7.2,89        ,12087
605,120 ударов в минуту,2017,7.4,84        ,11564
606,Наездник,2017,7.4,92        ,11520
607,Хэппи-энд,2017,6.7,72        ,11310
608,Таксист,2017,7.8,69        ,11280
609,Зомби одним планом!,2017,7.7,86        ,10928
610,Спасибо за вашу службу,2017,6.5,68        ,10908
611,Пляжные крысы,2017,6.4,78        ,10514
612,Чаппакуиддик,2017,6.5,67        ,10506
613,Гага: 155 см,2017,7.0,63        ,10452
614,The Dawn Wall,2017,8.1,81        ,10421
615,XX,2017,4.5,64        ,10417
616,Злодейка,2017,6.7,64        ,10262
617,Мэри и ведьмин цветок,2017,6.8,75        ,10099
618,Букшоп,2017,6.5,62        ,9953
619,По ту сторону надежды,2017,7.2,84        ,9686
620,Положитесь на Пита,2017,7.2,80        ,9652
621,Наши души по ночам,2017,6.9,69        ,9545
622,Капитан,2017,7.4,67        ,9415
623,"Лица, деревни",2017,7.9,94        ,9247
624,Патти Кейкс,2017,6.8,67        ,9036
625,Закон о детях,2017,6.7,62        ,9018
626,Двуличный любовник,2017,6.2,70        ,8947
627,Преступление в маленьком городе,2017,6.6,68        ,8937
628,"Мир, полный чудес",2017,6.2,71        ,8715
629,Зверь,2017,6.8,74        ,8531
630,Беатрис за ужином,2017,6.0,68        ,8445
631,Король польки,2017,5.9,65        ,7910
632,Анна и апокалипсис,2017,6.0,63        ,7846
633,На берегу,2017,6.3,62        ,7706
634,Кинозвёзды не умирают в Ливерпуле,2017,6.7,65        ,7550
635,Отыграйся,2017,6.2,77        ,7366
636,Герой,2017,6.5,61        ,7274
637,Неудобная планета,2017,6.4,68        ,7237
638,Смерть на Аляске,2017,6.2,72        ,7157
639,Опекунство,2017,7.5,83        ,6989
640,Конец пути,2017,6.6,73        ,6340
641,Город-бомба,2017,6.9,65        ,6332
642,Сладостный край,2017,6.9,87        ,6322
643,Случай в отеле Нил Хилтон,2017,6.7,70        ,6283
644,Get Me Roger Stone,2017,7.4,75        ,5779
645,Я - Хит Леджер,2017,7.4,68        ,5695
646,Фокстрот,2017,7.3,88        ,5622
647,Невероятная Джессика Джеймс,2017,6.5,72        ,5522
648,Предчувствие конца,2017,6.3,61        ,5282
649,Выходя,2017,5.8,79        ,5243
650,Лето 1993-го,2017,7.1,81        ,5174
651,Марджори Прайм,2017,6.3,82        ,5131
652,Впусти солнце,2017,6.0,79        ,4939
653,Лейкопластырь,2017,6.6,67        ,4836
654,Молодой Карл Маркс,2017,6.6,62        ,4790
655,Зама,2017,6.7,89        ,4669
656,Третье убийство,2017,6.7,68        ,4530
657,Баллада о Лефти Брауне,2017,6.2,64        ,4391
658,Поездка в Испанию,2017,6.6,66        ,4376
659,Прослушивание на роль ДжонБене,2017,6.1,74        ,4368
660,Насыщенный,2017,7.1,75        ,4315
661,Последний портрет,2017,6.2,70        ,4314
662,Уитни: Могу я быть собой?,2017,6.7,64        ,3988
663,Близнецы,2017,5.4,71        ,3965
664,Телефонная линия,2017,6.4,66        ,3791
665,След зверя,2017,6.3,61        ,3787
666,Один из нас,2017,7.1,79        ,3767
667,Что скажут люди,2017,7.4,69        ,3670
668,Каждый кого-то любит,2017,6.5,74        ,3642
669,Свадьба Али,2017,6.9,64        ,3625
670,Джейн,2017,7.8,87        ,3557
671,В поисках кораллов,2017,8.1,86        ,3495
672,Кондитер,2017,7.2,74        ,3471
673,Послушница,2017,6.6,73        ,3442
674,Право на измену,2017,5.3,62        ,3378
675,Вояджер: Дальше планет,2017,8.1,87        ,3363
676,Всем молчать: Судебные процессы над свободной прессой,2017,6.5,68        ,3269
677,Джорнимен,2017,7.1,72        ,3144
678,Город призраков,2017,7.4,86        ,3140
679,Под деревом,2017,6.8,75        ,3099
680,Стронг-Айленд,2017,6.4,86        ,3093
681,November,2017,7.2,79        ,3085
682,Близнецы,2017,5.4,63        ,3057
683,Любовники,2017,6.1,76        ,3055
684,Вестерн,2017,7.0,81        ,3023
685,Горы,2017,7.2,82        ,3000
686,Тигры не боятся,2017,7.1,76        ,2986
687,Ведьмы,2017,5.9,72        ,2968
688,Лос-Анджелес 92,2017,8.2,66        ,2916
689,Табу Тегерана,2017,7.1,74        ,2830
690,Bombshell: The Hedy Lamarr Story,2017,7.4,70        ,2782
691,1945,2017,7.2,73        ,2696
692,Ночью у моря одна,2017,6.8,80        ,2695
693,"Ночь коротка, гуляй, девчонка",2017,7.6,65        ,2684
694,78/52,2017,7.3,74        ,2684
695,Самый красивый остров,2017,5.7,73        ,2655
696,Тёмная река,2017,5.8,69        ,2616
697,Великий Будда +,2017,7.6,80        ,2547
698,"Ни даты, ни подписи",2017,7.2,71        ,2524
699,"О, Люси!",2017,6.8,69        ,2486
700,Я не ведьма,2017,6.9,80        ,2477
701,Принцесса Сид,2017,6.7,72        ,2449
702,Последние люди Алеппо,2017,7.4,80        ,2405
703,Молодость,2017,7.1,69        ,2400
704,Роксана Роксана,2017,6.2,74        ,2382
705,Горящие пески,2017,6.1,63        ,2379
706,Наизнанку,2017,6.6,76        ,2359
707,Охота на человека,2017,5.2,68        ,2358
708,Последний год,2017,6.3,67        ,2323
709,Oklahoma City,2017,7.4,74        ,2318
710,Chemi Bednieri Ojakhi,2017,7.5,86        ,2288
711,Непокой,2017,7.7,80        ,2280
712,Дыхание,2017,6.8,71        ,2229
713,Мистер Рузвельт,2017,6.2,73        ,2172
714,Человеческий поток,2017,7.0,77        ,2159
715,Я мечтаю на другом языке,2017,7.4,64        ,2145
716,Киноработник,2017,7.4,73        ,2144
717,Куба и кинооператор,2017,8.2,82        ,2110
718,Пусть трупы позагорают,2017,6.2,62        ,2105
719,"Марлина, убийца в четырёх актах",,7.0,77        ,2084
720,Молодая женщина,2017,6.5,76        ,2039
721,Хорошие манеры,2017,6.8,73        ,2026
722,Шейх Джексон,2017,7.0,63        ,2017
723,Я и ты,2017,6.7,66        ,2016
724,Стать Бондом,2017,7.5,65        ,2008
725,Гук,2017,7.0,69        ,2008
726,Китайское дело,2017,7.2,67        ,1967
727,Призраки Исмаэля,2017,5.6,65        ,1937
728,Божественный порядок,2017,7.0,67        ,1932
729,Дикие мальчишки,2017,6.9,64        ,1901
730,Большой злой лис и другие сказки,2017,7.4,73        ,1845
731,Чьямбра,2017,6.9,70        ,1837
732,Об отцах и сыновьях,2017,7.3,70        ,1807
733,Кроткая,2017,6.6,78        ,1788
734,Ангелы носят белое,2017,7.2,78        ,1726
735,Внутренняя работа,2017,7.9,84        ,1725
736,Жизнь подонков,2017,6.2,66        ,1714
737,Синева внутри меня,2017,6.1,63        ,1714
738,Любовник на день,2017,6.8,69        ,1675
739,Менаше,2017,6.5,81        ,1659
740,Золотые выходы,2017,5.8,71        ,1657
741,Сицилийская история призраков,2017,6.5,70        ,1637
742,Краун-Хайтс,2017,6.5,64        ,1636
743,На следующий день,2017,6.9,72        ,1588
744,Клуб 'Школа',2017,5.9,65        ,1585
745,Побег,2017,5.9,75        ,1582
746,"Ана, любовь моя",2017,6.8,63        ,1565
747,Eric Clapton: Life in 12 Bars,2017,7.3,62        ,1558
748,Камера Клэр,2017,6.4,80        ,1547
749,Мастерская,2017,6.6,74        ,1541
750,Рана,2017,6.7,80        ,1494
751,Хорошего дня,2017,6.5,77        ,1492
752,Хранительницы,2017,6.7,81        ,1488
753,Эвтанайзер,2017,6.8,71        ,1487
754,Дейдра и Лани грабят поезд,2017,6.1,65        ,1436
755,Раздача,2017,7.6,66        ,1386
756,Все святые,2017,6.0,63        ,1384
757,Я - Джейн Доу,2017,6.8,69        ,1351
758,Пока мы здесь,2017,6.0,64        ,1330
759,Лу за стеной,2017,6.8,62        ,1329
760,Джоан Дидион: Центр не выдержит,2017,7.4,72        ,1321
761,The Death and Life of Marsha P. Johnson,2017,7.2,76        ,1316
762,Полуночники,2017,5.3,63        ,1309
763,Где Кира?,2017,5.5,72        ,1301
764,Мария до Каллас,2017,7.2,71        ,1261
765,Вилла,2017,6.5,67        ,1249
766,"Нико, 1988",2017,6.8,75        ,1225
767,Красавица и псы,2017,7.0,65        ,1223
768,24 кадра,2017,6.9,77        ,1164
769,Не возвращайся с луны,2017,6.4,63        ,1142
770,Мохоки,2017,4.5,70        ,1138
771,Зимние братья,2017,6.5,63        ,1135
772,Мстители: Война бесконечности,2018,8.5,68        ,743229
773,Чёрная Пантера,2018,7.3,88        ,562016
774,Дэдпул 2,2018,7.7,66        ,434473
775,Тихое место,2018,7.5,82        ,349190
776,Первому игроку приготовиться,2018,7.5,64        ,328328
777,Звезда родилась,2018,7.7,88        ,294358
778,Человек-паук: Через Вселенные,2018,8.4,87        ,292300
779,Зеленая книга,2018,8.2,69        ,284081
780,Человек-муравей и Оса,2018,7.1,70        ,275006
781,Миссия невыполнима: Последствия,2018,7.8,86        ,260504
782,Хан Соло: Звездные войны. Истории,2018,6.9,62        ,259080
783,Аннигиляция,2018,6.9,79        ,251345
784,Суперсемейка 2,2018,7.7,80        ,224420
785,Реинкарнация,2018,7.3,87        ,191337
786,Ночные игры,2018,6.9,66        ,180878
787,Черный клановец,2018,7.5,83        ,176991
788,8 подруг Оушена,2018,6.2,61        ,159938
789,Фаворитка,2018,7.6,90        ,144647
790,Человек на Луне,2018,7.3,84        ,144569
791,Апгрейд,2018,7.5,67        ,125288
792,Рома,2018,7.7,96        ,121927
793,Остров собак,2018,7.9,82        ,121347
794,Поиск,2018,7.6,71        ,117842
795,Безумно богатые азиаты,2018,6.9,74        ,117646
796,Бамблби,2018,6.8,66        ,117513
797,Ральф против Интернета,2018,7.1,71        ,111251
798,Убийца 2. Против всех,2018,7.1,61        ,108854
799,Простая просьба,2018,6.8,67        ,105540
800,Хэллоуин,2018,6.6,67        ,105213
801,Баллада Бастера Скраггса,2018,7.3,79        ,102480
802,Власть,2018,7.2,61        ,99318
803,Крид 2,2018,7.1,66        ,90844
804,"С любовью, Саймон",2018,7.6,72        ,88451
805,Вдовы,2018,6.9,84        ,75912
806,"Всем парням, которых я любила раньше",2018,7.2,64        ,71543
807,Мэри Поппинс возвращается,2018,6.8,66        ,67031
808,Секса не будет!!!,2018,6.2,69        ,63271
809,Восьмой класс,2018,7.4,89        ,52235
810,Мэнди,2018,6.6,81        ,52057
811,Простите за беспокойство,2018,6.9,80        ,50465
812,Суспирия,2018,6.8,64        ,49542
813,Альфа,2018,6.7,63        ,47916
814,Талли,2018,7.0,75        ,46314
815,Магазинные воришки,2018,8.0,93        ,45201
816,Братья Систерс,2018,7.0,78        ,43605
817,Фри-соло,2018,8.2,83        ,43483
818,Холодная война,2018,7.6,90        ,40413
819,Не оставляй следов,2018,7.2,88        ,40257
820,Красивый мальчик,2018,7.3,62        ,40208
821,Отель Мумбаи: Противостояние,2018,7.6,62        ,39503
822,Сможете ли вы меня простить?,2018,7.1,87        ,39279
823,Экстаз,2018,7.1,67        ,37590
824,Капернаум,2018,8.4,75        ,36729
825,Подстава,2018,6.5,62        ,36155
826,Середина 90-х,2018,7.4,66        ,35631
827,Не в себе,2018,6.4,63        ,35609
828,Апостол,2018,6.3,62        ,35604
829,Старик с пистолетом,2018,6.7,80        ,34512
830,Затерянные во льдах,2018,6.8,71        ,34284
831,Виновный,2018,7.5,83        ,34188
832,Если Бил-стрит могла бы заговорить,2018,7.1,87        ,33747
833,Пылающий,2018,7.6,90        ,33740
834,Американские животные,2018,7.0,68        ,33336
835,Придержи тьму,2018,5.6,63        ,29727
836,Клуб любителей книг и пирогов из картофельных очистков,2018,7.4,65        ,26715
837,Стэн и Олли,2018,7.2,75        ,26178
838,Дикий,2018,6.1,61        ,25524
839,Стертая личность,2018,6.9,69        ,25280
840,Падмавати,2018,7.0,63        ,25082
841,Ваша ненависть,2018,7.4,81        ,23970
842,Лабиринты прошлого,2018,6.9,68        ,23932
843,22 июля,2018,6.7,69        ,22931
844,Они никогда не станут старше,2018,8.3,91        ,22433
845,Ван Гог. На пороге вечности,2018,6.9,76        ,22044
846,Слепые пятна,2018,7.4,77        ,21465
847,Веб-камера,2018,5.9,71        ,20991
848,Время возмездия,2018,6.2,62        ,20977
849,Высшее общество,2018,5.9,77        ,20783
850,Будешь моим соседом?,2018,8.4,85        ,19602
851,Три одинаковых незнакомца,2018,7.7,81        ,19107
852,Дикая жизнь,2018,6.9,80        ,18678
853,На границе миров,2018,7.0,75        ,18493
854,"Не волнуйся, он далеко не уйдет",2018,6.9,67        ,17853
855,Догмэн,2018,7.2,71        ,17830
856,Калибр,2018,6.7,76        ,17823
857,Дикие предки,2018,6.1,68        ,17388
858,Ночь идёт за нами,2018,7.0,69        ,17146
859,Точка невозврата,2018,6.4,69        ,16650
860,Колетт,2018,6.7,74        ,15895
861,Неправильное воспитание Кэмерон Пост,2018,6.6,69        ,15794
862,Дикая груша,2018,8.1,86        ,15002
863,Голая Джульетта,2018,6.6,67        ,14963
864,Вернуть Бена,2018,6.7,66        ,14885
865,Фаренгейт 11/9,2018,6.9,69        ,14883
866,"Юные титаны, вперед!",2018,6.8,69        ,14524
867,Перспектива,2018,6.2,68        ,14209
868,Частная война,2018,6.7,75        ,13384
869,Вокс Люкс,2018,5.9,67        ,13276
870,Рассказ,2018,7.3,90        ,12761
871,Алекс Стрейнджлав,2018,6.3,62        ,12721
872,Частная жизнь,2018,7.2,83        ,12347
873,Дорога грома,2018,7.1,79        ,11489
874,Исчезновение,2018,5.8,64        ,11142
875,Воспитательница,2018,6.7,75        ,10989
876,Счастливый Лазарь,2018,7.6,87        ,10811
877,Соловей,2018,7.3,77        ,10606
878,Иные,2018,6.7,63        ,10312
879,Работа без авторства,2018,7.7,68        ,10269
880,"Утёйа, 22 июля",2018,7.3,75        ,9964
881,Девочка,2018,7.2,73        ,9694
882,Мирай из будущего,2018,7.0,81        ,9500
883,RBG,2018,7.5,71        ,9348
884,Как не стать президентом,2018,6.1,61        ,9220
885,Тень,2018,7.0,81        ,8544
886,Черный 47-й,2018,6.8,65        ,8274
887,Громко бьются сердца,2018,6.9,65        ,8017
888,Перелётные птицы,2018,7.6,85        ,7650
889,Разлом,2018,6.2,70        ,7348
890,Активные мероприятия,2018,7.9,68        ,7216
891,Глория Белл,2018,6.3,79        ,7135
892,Ангел,2018,7.0,61        ,7052
893,Идеальный дом,2018,6.5,62        ,7022
894,Счастье в волосах,2018,6.4,63        ,6921
895,Маленький незнакомец,2018,5.5,67        ,6438
896,Дикая Роза,2018,7.2,80        ,6434
897,Minding the Gap,2018,8.1,90        ,6255
898,Робин Уильямс: Загляни в мою душу,2018,8.0,74        ,5823
899,Уитни,2018,7.2,75        ,5604
900,МакКуин,2018,7.9,84        ,5594
901,Пепел - самый чистый белый,2018,7.0,85        ,5584
902,Поддержите девушек,2018,6.4,85        ,5562
903,Женщина на войне,2018,7.4,81        ,5521
904,Транзит,2018,7.0,82        ,5511
905,Тяжёлая поездка,2018,7.1,72        ,5480
906,Другая сторона ветра,2018,6.9,78        ,5249
907,Маленькое красное платье,2018,6.3,81        ,5090
908,Земля устойчивых привычек,2018,6.2,71        ,5038
909,Пирсинг,2018,5.6,63        ,4842
910,Карательница,2018,5.6,68        ,4839
911,Мастер Z: Наследие Ип Мана,2018,6.5,72        ,4753
912,Пазл,2018,6.7,66        ,4745
913,Лето,2018,7.4,69        ,4737
914,Дубликат,2018,5.9,62        ,4672
915,Агентство расставаний,2018,5.9,76        ,4513
916,Святая Агата,2018,5.1,63        ,4506
917,Ограбление по Фрейду,2018,7.5,75        ,4294
918,Что тебе нужно для жизни,2018,5.7,66        ,4272
919,Ветер,2018,5.5,66        ,4262
920,Леди в чёрном,2018,6.7,65        ,4021
921,Долгий день уходит в ночь,2018,7.2,88        ,3959
922,Музей,2018,7.0,86        ,3869
923,Счастливый принц,2018,6.2,64        ,3835
924,"Умираю, как хочу жить",2018,8.0,63        ,3831
925,Мы всегда жили в замке,2018,5.6,63        ,3806
926,Быть Астрид Линдгрен,2018,7.1,71        ,3710
927,Маленькие гиганты,2018,7.2,67        ,3668
928,По воле божьей,2018,7.3,75        ,3633
929,Нуреев. Белый ворон,2018,6.5,61        ,3576
930,Меня полюбят после моей смерти,2018,7.5,77        ,3575
931,Голем: Начало,2018,5.8,63        ,3531
932,Прогульщики,2018,7.4,88        ,3492
933,Слон сидит спокойно,2018,7.8,86        ,3333
934,Аниара,2018,6.2,61        ,3287
935,Между рядами,2018,6.9,67        ,3230
936,Нон-фикшн,2018,6.5,78        ,3181
937,6 шариков,2018,5.8,66        ,3180
938,"Мы, животные",2018,6.9,83        ,3154
939,Её запах,2018,6.2,69        ,3121
940,Петерлоо,2018,6.5,66        ,3099
941,Мир принадлежит тебе,2018,6.4,73        ,3052
942,Опоссум,2018,5.5,64        ,3008
943,Дикий,2018,7.0,75        ,2973
944,Укрась прощальное утро цветами обещания,2018,7.4,72        ,2961
945,Мадлен Мадлен,2018,6.4,77        ,2923
946,Закат,2018,6.4,65        ,2909
947,Девица,2018,5.5,63        ,2908
948,Самая большая маленькая ферма,2018,8.0,73        ,2831
949,Каникулы,2018,5.7,78        ,2743
950,Что у них было,2018,6.6,69        ,2724
951,Скейт-кухня,2018,6.8,72        ,2693
952,Быстрый цвет,2018,5.9,64        ,2689
953,Нож в сердце,2018,6.2,69        ,2611
954,Изумительная благодать,2018,7.5,94        ,2600
955,Противостояние в Спэрроу-Крик,2018,6.2,62        ,2594
956,Донбасс,2018,6.6,74        ,2581
957,Три лица,2018,7.1,78        ,2529
958,Белый клык,2018,6.9,61        ,2489
959,Шпион пошёл на Север,2018,7.2,69        ,2460
960,Женщина в огне,2018,6.8,68        ,2425
961,Слайс,2018,4.5,61        ,2383
962,Болезнь в воскресенье,2018,6.9,92        ,2323
963,Гвен,2018,6.8,63        ,2322
964,Наследницы,2018,6.8,77        ,2241
965,"Plaire, aimer et courir vite",2018,6.8,73        ,2235
966,Coldplay: A Head Full of Dreams,2018,8.0,64        ,2211
967,Блэйз,2018,6.6,75        ,2205
968,Нэнси,2018,6.2,67        ,2179
969,Стикс,2018,6.5,78        ,2164
970,Никогда не возвращайтесь,2018,6.0,62        ,1945
971,Морская звезда,2018,5.6,74        ,1907
972,Недотрога,2018,6.0,65        ,1906
973,Студия 54,2018,6.9,70        ,1861
974,По лезвию ножа,2018,7.7,74        ,1860
975,Горячие каникулы,2018,5.5,69        ,1836
976,Диамантино,2018,6.5,75        ,1799
977,Лицо,2018,6.4,70        ,1796
978,Сони,2018,7.2,68        ,1785
979,Честный человек,2018,6.2,67        ,1756
980,Образ и речь,2018,6.3,76        ,1721
981,Долгая идиотская дорога,2018,6.0,64        ,1714
982,Первый поединок,2018,6.4,68        ,1704
983,Еретик,2018,5.9,65        ,1704
984,Лесок,2018,6.1,74        ,1670
985,Дышите нормально,2018,6.8,77        ,1654
986,Жалость,2018,6.7,77        ,1609
987,Nothing Like a Dame,2018,7.3,85        ,1593
988,Папа Франциск. Человек слова,2018,6.0,63        ,1593
989,Echo in the Canyon,2018,7.0,70        ,1581
990,Монстры и люди,2018,5.7,68        ,1544
991,Джейн Фонда: Жизнь в пяти актах,2018,7.9,87        ,1531
992,Все о Нине,2018,6.0,70        ,1514
993,Округ Хейл утром и вечером,2018,6.3,85        ,1493
994,Довлатов,2018,6.5,68        ,1477
995,Сирано. Успеть до премьеры,2018,7.4,61        ,1471
996,Вы доверяете компьютеру?,2018,7.4,62        ,1443
997,Матанги/Майя/M.I.A.,2018,7.5,70        ,1440
998,Новая жизнь Аманды,2018,7.1,63        ,1438
999,Подруга,2018,6.5,68        ,1428
1000,Асако 1 и 2,2018,6.9,68        ,1427
1001,Контрольная закупка,2018,5.7,68        ,1404
1002,Вечеринка только начинается,2018,6.2,68        ,1362
1003,Чистильщики,2018,7.2,70        ,1306
1004,1985,2018,6.9,71        ,1301
1005,Тайная жизнь пингвинов,2018,7.2,82        ,1270
1006,Sibel,2018,7.0,65        ,1242
1007,Лапшичная,2018,6.8,62        ,1181
1008,Остров,2018,6.2,61        ,1178
1009,На войне,2018,6.9,61        ,1178
1010,"С любовью, Гильде",2018,7.4,74        ,1177
1011,Еще один день жизни,2018,7.3,78        ,1165
1012,The Third Wife,2018,6.7,71        ,1163
1013,Иногда всегда никогда,2018,6.2,71        ,1159
1014,Охота на монстра 2,2018,5.3,63        ,1143
1015,Мёртвая точка,2018,5.6,63        ,1134
1016,Шахерезада,2018,7.1,68        ,1134
1017,Лус,2018,5.6,63        ,1116
1018,Мейден,2018,7.7,82        ,1084
1019,Фотографии,2018,6.4,63        ,1079
1020,Perfectos desconocidos,2018,6.6,63        ,1078
1021,Судный день,2018,7.2,62        ,1064
1022,Тель-Авив в огне,2018,6.9,70        ,1054
1023,Benzinho,2018,7.2,81        ,1054
1024,Красный,2018,6.5,76        ,1035
1025,Явление,2018,6.4,64        ,1014
1026,Горничная,2018,7.1,81        ,997
1027,Рэй и Лиз,2018,6.7,81        ,993
1028,Roll Red Roll,2018,7.2,83        ,979
1029,Гора,2018,5.6,64        ,939
1030,Тайрел,2018,5.3,71        ,922
1031,Встреча с Горбачёвым,2018,7.2,73        ,913
1032,Мстители: Финал,2019,8.5,78        ,655681
1033,Капитан Марвел,2019,6.9,64        ,391533
1034,Однажды в... Голливуде,2019,7.8,83        ,356339
1035,Человек-паук: Вдали от дома,2019,7.6,69        ,258726
1036,Ирландец,2019,8.0,94        ,218797
1037,Джон Уик 3,2019,7.5,73        ,218770
1038,Шазам!,2019,7.1,71        ,210977
1039,Мы,2019,6.9,81        ,179356
1040,Паразиты,2019,8.6,96        ,176217
1041,История игрушек 4,2019,7.9,84        ,149041
1042,El Camino: Во все тяжкие,2019,7.4,72        ,147495
1043,Брачная история,2019,8.1,93        ,144967
1044,Достать ножи,2019,8.0,82        ,135075
1045,К звёздам,2019,6.7,80        ,134019
1046,1917,2019,8.5,78        ,113674
1047,Солнцестояние,2019,7.2,72        ,107810
1048,Ford против Ferrari,2019,8.2,81        ,104163
1049,Рокетмен,2019,7.4,69        ,92419
1050,Тройная граница,2019,6.5,61        ,89841
1051,Как приручить дракона 3,2019,7.5,71        ,85516
1052,Та ещё парочка,2019,6.9,67        ,67935
1053,Холодное сердце 2,2019,7.2,64        ,62625
1054,Образование,2019,7.2,84        ,61374
1055,Король,2019,7.3,62        ,60935
1056,Два Папы,2019,7.6,75        ,60649
1057,Я иду искать,2019,6.9,64        ,59769
1058,Дитя робота,2019,6.8,64        ,58931
1059,Маяк,2019,7.8,83        ,58735
1060,Клаус,2019,8.2,65        ,51915
1061,Бойцовская семейка,2019,7.1,68        ,49301
1062,Стриптизёрши,2019,6.4,79        ,48209
1063,Бархатная бензопила,2019,5.7,61        ,47160
1064,ЛЕГО Фильм 2,2019,6.6,65        ,44948
1065,Страшные истории для рассказа в темноте,2019,6.2,61        ,40968
1066,Маленькие женщины,2019,8.1,91        ,37950
1067,Ты - моё сомнение,2019,6.8,64        ,37706
1068,Меня зовут Долемайт,2019,7.3,76        ,36343
1069,Неогранённые драгоценности,2019,8.0,90        ,33055
1070,Арахисовый сокол,2019,7.7,70        ,30713
1071,"FYRE: Величайшая вечеринка, которая не состоялась",2019,7.2,75        ,30693
1072,Боль и слава,2019,7.6,87        ,29203
1073,Прощание,2019,7.7,89        ,26502
1074,Аббатство Даунтон,2019,7.5,64        ,25769
1075,Парень из гетто,2019,8.2,65        ,24243
1076,Скандал,2019,6.8,64        ,22602
1077,Отчёт о пытках,2019,7.2,66        ,17748
1078,В прямом эфире,2019,6.5,70        ,17633
1079,Искусство самообороны,2019,6.7,65        ,17117
1080,Джуди,2019,7.0,66        ,17067
1081,"Мальчик, который обуздал ветер",2019,7.6,68        ,16501
1082,Прекрасный день по соседству,2019,7.6,80        ,16296
1083,Эверест,2019,7.0,61        ,16243
1084,Аполлон-11,2019,8.2,88        ,15375
1085,Дора и затерянный город,2019,6.0,63        ,15053
1086,Большой хак,2019,7.0,67        ,14762
1087,Того,2019,8.1,71        ,14490
1088,Кто-то классный,2019,6.2,63        ,14043
1089,Потерянное звено,2019,6.7,68        ,13868
1090,Портрет девушки в огне,2019,8.2,95        ,13376
1091,Дело Ричарда Джуэлла,2019,7.6,68        ,13190
1092,Опасные секреты,2019,7.3,63        ,12894
1093,Я потерял своё тело,2019,7.6,80        ,12653
1094,Рождённый стать королём,2019,6.0,66        ,12322
1095,Ослепленный светом,2019,6.9,71        ,11851
1096,Другой,2019,5.7,63        ,11616
1097,Они,2019,6.3,69        ,9881
1098,Бриттани бежит марафон,2019,6.8,72        ,9356
1099,Снести Большой Дом,2019,6.9,80        ,8951
1100,На краю демократии,2019,7.2,81        ,8681
1101,Тёмные воды,2019,7.6,73        ,8559
1102,Паддлтон,2019,7.2,70        ,8324
1103,Козодои,2019,7.8,74        ,8295
1104,Последний черный в Сан-Франциско,2019,7.4,83        ,8121
1105,Три секунды,2019,6.5,64        ,7567
1106,Гарриет,2019,6.2,66        ,7506
1107,Отмщение,2019,6.5,63        ,7294
1108,Дитя погоды,2019,7.7,72        ,7278
1109,Просто помиловать,2019,7.4,68        ,7240
1110,Увидимся вчера,2019,5.0,74        ,7236
1111,Мустанг,2019,6.9,77        ,7078
1112,"Скажи мне, кто я",2019,7.7,69        ,6925
1113,Американская фабрика,2019,7.5,86        ,6744
1114,Птица высокого полёта,2019,6.2,78        ,6225
1115,Квин и Слим,2019,7.0,75        ,6150
1116,Изобретатель: Жажда крови в Силиконовой долине,2019,7.1,66        ,6132
1117,Обезьяны,2019,7.3,78        ,6019
1118,Свет моей жизни,2019,6.6,67        ,5909
1119,Сувенир: Часть 1,2019,6.5,91        ,5640
1120,Диего Марадона,2019,7.7,78        ,5578
1121,Лапочка,2019,7.4,73        ,5461
1122,Люс,2019,6.8,72        ,5207
1123,"Извините, мы вас не застали",2019,7.7,79        ,4875
1124,Плюс один,2019,6.6,66        ,4709
1125,Волны,2019,7.8,80        ,4588
1126,Тайная жизнь,2019,7.6,78        ,4484
1127,Страна мёда,2019,8.1,86        ,4425
1128,Королева сердец,2019,7.3,67        ,4048
1129,Ип Ман 4,2019,7.5,62        ,4032
1130,Атлантика,2019,6.8,85        ,4003
1131,Rolling Thunder Revue: История Боба Дилана Мартина Скорсезе,2019,7.7,86        ,3989
1132,"Бандит, полицейский, дьявол",2019,6.9,65        ,3957
1133,В тихом омуте,2019,6.6,65        ,3827
1134,Предатель,2019,7.2,64        ,3801
1135,Отверженные,2019,7.7,78        ,3632
1136,Слава Сатане?,2019,7.3,76        ,3625
1137,"Бикрам: Йог, гуру, хищник",2019,6.7,68        ,3423
1138,Цвет из иных миров,2019,6.3,70        ,3348
1139,Дылда,2019,7.2,84        ,3112
1140,Синонимы,2019,6.7,84        ,3030
1141,Фотография,2019,6.8,65        ,2769
1142,Оленья кожа,2019,6.8,73        ,2694
1143,Для Самы,2019,8.6,89        ,2545
1144,Злодеи,2019,6.2,63        ,2459
1145,Нация одного ребёнка,2019,7.5,85        ,2453
1146,Девушка с третьего этажа,2019,4.8,65        ,2446
1147,Сверх(НЕ)естественное,2019,6.3,70        ,2417
1148,Смерть Дика Лонга,2019,6.3,69        ,2307
1149,Барашек Шон: Фермагеддон,2019,7.0,80        ,2215
1150,Прекрасная эпоха,2019,7.6,75        ,2167
1151,Не состарится,2019,5.8,65        ,2158
1152,Наступит день,2019,5.8,70        ,2076
1153,Невидимая жизнь Эвридики,2019,8.1,81        ,2074
1154,Штормовой мальчик,2019,6.9,67        ,2005
1155,Mine 9,2019,7.2,66        ,1993
1156,Паваротти,2019,7.5,66        ,1682
1157,"Прощай, сын мой",2019,7.7,85        ,1626
1158,Дэниел ненастоящий,2019,6.0,64        ,1619
1159,Рейв,2019,7.3,75        ,1615
1160,Сын Америки,2019,5.7,63        ,1595
1161,История Дэвида Копперфилда,2019,6.5,75        ,1573
1162,Гарпун,2019,6.1,65        ,1540
1163,Тело Христово,2019,8.0,69        ,1457
1164,Озеро диких гусей,2019,6.9,74        ,1431
1165,Зеленее травы,2019,6.4,69        ,1379
1166,Память: Истоки Чужого,2019,6.7,70        ,1349
1167,Безнадежное дело Хаммаршёльда,2019,7.7,76        ,1345
1168,Молодой Ахмед,2019,6.6,64        ,1320
1169,Отлив,2019,6.2,64        ,1281
1170,Бык,2019,8.7,63        ,1263
1171,Репост,2019,5.6,73        ,1256
1172,Правда,2019,6.6,71        ,1249
1173,Bait,2019,7.4,84        ,1242
1174,Первая любовь,2019,7.1,76        ,1234
1175,"Должно быть, это рай",2019,7.2,69        ,1211
1176,Сторожка,2019,6.7,70        ,1207
1177,Sword of Trust,2019,6.3,70        ,1171
1178,La Gomera,2019,6.6,74        ,1143
1179,Варда глазами Аньес,2019,7.9,85        ,1138
1180,Гарет Джонс,2019,7.2,63        ,1130
1181,Божественная любовь,2019,6.3,86        ,1086
1182,Адам,2019,2.8,64        ,1034
1183,Linda Ronstadt: The Sound of My Voice,2019,8.0,77        ,1013
1184,"Вудсток: Три дня, изменившие поколение",2019,7.6,67        ,1007
1185,Угоняя лошадей,2019,6.7,69        ,985
1186,Хала,2019,5.7,75        ,936
1187,Эма: Танец страсти,2019,6.8,72        ,914
1188,Животные,2019,6.1,65        ,892
1189,Om det oändliga,2019,7.1,84        ,847
1190,Пингвины,2019,6.8,69        ,840
1191,Western Stars,2019,7.5,80        ,835
1192,Малышка зомби,2019,6.1,74        ,820
1193,Mystify: Michael Hutchence,2019,7.4,73        ,805
1194,Всё обо всех,2019,7.1,71        ,780
1195,Marianne & Leonard: Words of Love,2019,6.9,69        ,780
1196,Гив ми либерти,2019,6.8,82        ,775
1197,Открывая Джона ДеЛореана,2019,6.4,67        ,773
1198,Царство,2019,6.9,62        ,751
1199,Раскрашенная птица,2019,7.3,75        ,742
1200,Подлинная история банды Келли,2019,6.0,84        ,736
1201,Depraved,2019,5.0,69        ,685
1202,Милость,2019,6.6,77        ,682
1203,The Elephant Queen,2019,8.0,69        ,681
1204,The Black Godfather,2019,7.5,69        ,679
1205,Промар,2019,7.3,77        ,646
